{"cameraMode":{"drawMode":0,"name":"Shaded","section":"Shading Mode"},"sceneLighting":false,"audioPlay":false,"sceneViewState":{"showFog":true,"showMaterialUpdate":false,"showSkybox":true,"showFlares":true,"showImageEffects":true,"showParticleSystems":true},"in2DMode":false,"pivot":{"x":7.450580596923828e-9,"y":0.5,"z":1.9900000095367432},"rotation":{"x":0.5089782476425171,"y":0.0025823230389505626,"z":-0.00152661744505167,"w":0.8607741594314575},"size":0.13365444540977479,"orthographic":true}