{"cameraMode":{"drawMode":0,"name":"Shaded","section":"Shading Mode"},"sceneLighting":true,"audioPlay":false,"sceneViewState":{"showFog":true,"showMaterialUpdate":false,"showSkybox":true,"showFlares":true,"showImageEffects":true,"showParticleSystems":true},"in2DMode":false,"pivot":{"x":5.006832122802734,"y":13.393465042114258,"z":-0.4085942506790161},"rotation":{"x":0.04607168957591057,"y":-0.9305613040924072,"z":0.34073665738105776,"w":0.1258242130279541},"size":11.283650398254395,"orthographic":true}