{"cameraMode":{"drawMode":0,"name":"Shaded","section":"Shading Mode"},"sceneLighting":false,"audioPlay":false,"sceneViewState":{"showFog":true,"showMaterialUpdate":false,"showSkybox":true,"showFlares":true,"showImageEffects":true,"showParticleSystems":true},"in2DMode":false,"pivot":{"x":7.450580596923828e-9,"y":0.5,"z":1.9900000095367432},"rotation":{"x":0.22179599106311799,"y":-0.5178889036178589,"z":0.1411014050245285,"w":0.8140565156936646},"size":0.4041658341884613,"orthographic":true}